episode,reward
1,1.0
2,0.0
3,2.0
4,1.0
5,0.0
6,0.0
7,0.0
8,0.0
9,0.0
10,5.0
11,0.0
12,0.0
13,1.0
14,3.0
15,1.0
16,2.0
17,1.0
18,1.0
19,2.0
20,2.0
21,3.0
22,1.0
23,1.0
24,0.0
25,1.0
26,1.0
27,2.0
28,3.0
29,1.0
30,1.0
31,1.0
32,1.0
33,0.0
34,1.0
35,2.0
36,1.0
37,0.0
38,3.0
39,1.0
40,2.0
41,2.0
42,0.0
43,2.0
44,2.0
45,2.0
46,0.0
47,1.0
48,0.0
49,3.0
50,2.0
51,0.0
52,2.0
53,1.0
54,1.0
55,1.0
56,1.0
57,1.0
58,1.0
59,0.0
60,0.0
61,1.0
62,0.0
63,3.0
64,1.0
65,1.0
66,6.0
67,1.0
68,2.0
69,0.0
70,5.0
71,1.0
72,1.0
73,0.0
74,3.0
75,0.0
76,4.0
77,0.0
78,3.0
79,0.0
80,2.0
81,1.0
82,1.0
83,1.0
84,3.0
85,1.0
86,3.0
87,0.0
88,2.0
89,3.0
90,3.0
91,0.0
92,1.0
93,0.0
94,1.0
95,1.0
96,0.0
97,4.0
98,3.0
99,3.0
100,0.0
101,1.0
102,0.0
103,2.0
104,0.0
105,0.0
106,0.0
107,1.0
108,1.0
109,1.0
110,0.0
111,1.0
112,1.0
113,0.0
114,2.0
115,2.0
116,0.0
117,1.0
118,5.0
119,1.0
120,3.0
121,2.0
122,0.0
123,0.0
124,2.0
125,2.0
126,1.0
127,4.0
128,0.0
129,0.0
130,2.0
131,1.0
132,0.0
133,1.0
134,4.0
135,1.0
136,2.0
137,2.0
138,2.0
139,0.0
140,0.0
141,1.0
142,1.0
143,1.0
144,0.0
145,2.0
146,2.0
147,0.0
148,0.0
149,1.0
150,0.0
151,0.0
152,2.0
153,2.0
154,0.0
155,0.0
156,3.0
157,0.0
158,1.0
159,2.0
160,3.0
161,2.0
162,0.0
163,4.0
164,2.0
165,3.0
166,1.0
167,1.0
168,2.0
169,1.0
170,3.0
171,2.0
172,0.0
173,1.0
174,2.0
175,2.0
176,0.0
177,3.0
178,1.0
179,3.0
180,2.0
181,3.0
182,4.0
183,0.0
184,3.0
185,1.0
186,0.0
187,1.0
188,1.0
189,3.0
190,0.0
191,5.0
192,2.0
193,0.0
194,2.0
195,0.0
196,0.0
197,0.0
198,2.0
199,3.0
200,0.0
201,0.0
202,1.0
203,2.0
204,2.0
205,2.0
206,1.0
207,2.0
208,0.0
209,1.0
210,0.0
211,1.0
212,1.0
213,3.0
214,2.0
215,1.0
216,0.0
217,0.0
218,2.0
219,2.0
220,0.0
221,0.0
222,1.0
223,2.0
224,2.0
225,5.0
226,2.0
227,0.0
228,1.0
229,1.0
230,1.0
231,0.0
232,2.0
233,0.0
234,1.0
235,2.0
236,3.0
237,5.0
238,2.0
239,6.0
240,2.0
241,0.0
242,1.0
243,6.0
244,2.0
245,0.0
246,4.0
247,1.0
248,0.0
249,0.0
250,2.0
251,1.0
252,0.0
253,0.0
254,0.0
255,2.0
256,2.0
257,5.0
258,0.0
259,1.0
260,2.0
261,0.0
262,2.0
263,2.0
264,2.0
265,1.0
266,1.0
267,0.0
268,3.0
269,4.0
270,0.0
271,3.0
272,0.0
273,0.0
274,1.0
275,1.0
276,2.0
277,0.0
278,0.0
279,0.0
280,0.0
281,1.0
282,2.0
283,0.0
284,3.0
285,0.0
286,2.0
287,1.0
288,1.0
289,0.0
290,1.0
291,2.0
292,0.0
293,2.0
294,0.0
295,1.0
296,1.0
297,2.0
298,0.0
299,2.0
300,2.0
301,1.0
302,4.0
303,2.0
304,0.0
305,2.0
306,0.0
307,0.0
308,0.0
309,2.0
310,2.0
311,1.0
312,3.0
313,5.0
314,3.0
315,2.0
316,3.0
317,1.0
318,1.0
319,1.0
320,1.0
321,4.0
322,1.0
323,3.0
324,0.0
325,0.0
326,4.0
327,0.0
328,4.0
329,0.0
330,0.0
331,2.0
332,3.0
333,2.0
334,2.0
335,2.0
336,2.0
337,0.0
338,3.0
339,1.0
340,1.0
341,2.0
342,3.0
343,0.0
344,0.0
345,0.0
346,0.0
347,2.0
348,3.0
349,1.0
350,2.0
351,3.0
352,0.0
353,2.0
354,1.0
355,0.0
356,0.0
357,2.0
358,0.0
359,0.0
360,0.0
361,6.0
362,0.0
363,1.0
364,0.0
365,0.0
366,2.0
367,1.0
368,1.0
369,5.0
370,1.0
371,0.0
372,0.0
373,1.0
374,3.0
375,0.0
376,0.0
377,1.0
378,1.0
379,1.0
380,1.0
381,1.0
382,1.0
383,5.0
384,0.0
385,1.0
386,1.0
387,0.0
388,2.0
389,1.0
390,0.0
391,1.0
392,7.0
393,1.0
394,2.0
395,1.0
396,0.0
397,0.0
398,1.0
399,1.0
400,2.0
401,0.0
402,2.0
403,1.0
404,1.0
405,1.0
406,5.0
407,3.0
408,2.0
409,2.0
410,0.0
411,4.0
412,1.0
413,3.0
414,0.0
415,0.0
416,2.0
417,3.0
418,2.0
419,0.0
420,1.0
421,2.0
422,2.0
423,3.0
424,1.0
425,1.0
426,1.0
427,1.0
428,2.0
429,1.0
430,2.0
431,1.0
432,2.0
433,1.0
434,1.0
435,3.0
436,3.0
437,4.0
438,0.0
439,0.0
440,1.0
441,4.0
442,1.0
443,1.0
444,2.0
445,0.0
446,4.0
447,1.0
448,1.0
449,2.0
450,1.0
451,0.0
452,1.0
453,1.0
454,0.0
455,3.0
456,2.0
457,0.0
458,1.0
459,0.0
460,0.0
461,1.0
462,1.0
463,1.0
464,0.0
465,1.0
466,0.0
467,1.0
468,2.0
469,2.0
470,1.0
471,1.0
472,3.0
473,2.0
474,0.0
475,1.0
476,1.0
477,4.0
478,0.0
479,1.0
480,4.0
481,0.0
482,2.0
483,1.0
484,1.0
485,3.0
486,5.0
487,0.0
488,0.0
489,0.0
490,0.0
491,2.0
492,3.0
493,1.0
494,3.0
495,2.0
496,0.0
497,1.0
498,0.0
499,0.0
500,2.0
501,1.0
502,0.0
503,1.0
504,1.0
505,0.0
506,5.0
507,2.0
508,0.0
509,1.0
510,4.0
511,1.0
512,1.0
513,1.0
514,2.0
515,0.0
516,5.0
517,0.0
518,1.0
519,1.0
520,1.0
521,1.0
522,2.0
523,0.0
524,0.0
525,0.0
526,1.0
527,0.0
528,1.0
529,1.0
530,2.0
531,0.0
532,3.0
533,1.0
534,4.0
535,0.0
536,3.0
537,2.0
538,0.0
539,1.0
540,0.0
541,1.0
542,4.0
543,1.0
544,1.0
545,3.0
546,2.0
547,3.0
548,0.0
549,3.0
550,3.0
551,4.0
552,2.0
553,1.0
554,1.0
555,1.0
556,2.0
557,2.0
558,0.0
559,0.0
560,2.0
561,0.0
562,0.0
563,0.0
564,3.0
565,1.0
566,0.0
567,1.0
568,1.0
569,0.0
570,2.0
571,1.0
572,1.0
573,1.0
574,1.0
575,0.0
576,0.0
577,0.0
578,4.0
579,2.0
580,2.0
581,1.0
582,0.0
583,1.0
584,1.0
585,1.0
586,1.0
587,0.0
588,0.0
589,0.0
590,1.0
591,3.0
592,2.0
593,3.0
594,1.0
595,0.0
596,1.0
597,2.0
598,1.0
599,3.0
600,3.0
601,1.0
602,2.0
603,1.0
604,1.0
605,0.0
606,3.0
607,2.0
608,1.0
609,0.0
610,3.0
611,1.0
612,2.0
613,1.0
614,1.0
615,1.0
616,2.0
617,2.0
618,1.0
619,2.0
620,2.0
621,0.0
622,0.0
623,2.0
624,2.0
625,0.0
626,0.0
627,3.0
628,0.0
629,1.0
630,2.0
631,2.0
632,1.0
633,0.0
634,1.0
635,1.0
636,3.0
637,0.0
638,0.0
639,3.0
640,2.0
641,3.0
642,3.0
643,3.0
644,0.0
645,0.0
646,0.0
647,1.0
648,3.0
649,1.0
650,1.0
651,3.0
652,0.0
653,3.0
654,2.0
655,1.0
656,0.0
657,0.0
658,3.0
659,1.0
660,3.0
661,1.0
662,0.0
663,1.0
664,2.0
665,0.0
666,1.0
667,1.0
668,3.0
669,1.0
670,5.0
671,2.0
672,2.0
673,1.0
674,2.0
675,2.0
676,4.0
677,2.0
678,2.0
679,2.0
680,1.0
681,1.0
682,2.0
683,2.0
684,0.0
685,1.0
686,1.0
687,2.0
688,0.0
689,3.0
690,0.0
691,2.0
692,0.0
693,3.0
694,1.0
695,3.0
696,3.0
697,1.0
698,2.0
699,1.0
700,1.0
701,0.0
702,2.0
703,4.0
704,2.0
705,3.0
706,2.0
707,3.0
708,4.0
709,1.0
710,4.0
711,0.0
712,1.0
713,0.0
714,1.0
715,0.0
716,0.0
717,0.0
718,1.0
719,2.0
720,4.0
721,1.0
722,1.0
723,1.0
724,0.0
725,3.0
726,1.0
727,0.0
728,2.0
729,4.0
730,1.0
731,1.0
732,0.0
733,4.0
734,1.0
735,1.0
736,1.0
737,0.0
738,0.0
739,1.0
740,0.0
741,3.0
742,1.0
743,1.0
744,2.0
745,0.0
746,1.0
747,2.0
748,4.0
749,2.0
750,3.0
751,0.0
752,2.0
753,1.0
754,2.0
755,1.0
756,0.0
757,2.0
758,3.0
759,0.0
760,2.0
761,3.0
762,1.0
763,0.0
764,0.0
765,0.0
766,3.0
767,1.0
768,1.0
769,2.0
770,1.0
771,0.0
772,1.0
773,0.0
774,6.0
775,1.0
776,1.0
777,1.0
778,1.0
779,1.0
780,2.0
781,0.0
782,1.0
783,1.0
784,0.0
785,0.0
786,0.0
787,3.0
788,1.0
789,1.0
790,3.0
791,2.0
792,1.0
793,1.0
794,2.0
795,1.0
796,3.0
797,2.0
798,2.0
799,0.0
800,3.0
801,1.0
802,3.0
803,1.0
804,2.0
805,0.0
806,3.0
807,2.0
808,5.0
809,0.0
810,1.0
811,0.0
812,2.0
813,2.0
814,0.0
815,5.0
816,4.0
817,0.0
818,4.0
819,1.0
820,1.0
821,0.0
822,5.0
823,3.0
824,3.0
825,2.0
826,1.0
827,1.0
828,1.0
829,2.0
830,1.0
831,1.0
832,0.0
833,1.0
834,2.0
835,1.0
836,1.0
837,1.0
838,0.0
839,2.0
840,0.0
841,2.0
842,1.0
843,1.0
844,2.0
845,1.0
846,2.0
847,3.0
848,3.0
849,0.0
850,0.0
851,0.0
852,4.0
853,2.0
854,3.0
855,1.0
856,2.0
857,2.0
858,1.0
859,2.0
860,1.0
861,0.0
862,6.0
863,2.0
864,3.0
865,2.0
866,1.0
867,0.0
868,1.0
869,0.0
870,0.0
871,1.0
872,3.0
873,0.0
874,2.0
875,1.0
876,3.0
877,1.0
878,2.0
879,2.0
880,1.0
881,2.0
882,2.0
883,1.0
884,2.0
885,2.0
886,1.0
887,3.0
888,4.0
889,0.0
890,1.0
891,2.0
892,0.0
893,1.0
894,3.0
895,2.0
896,2.0
897,1.0
898,4.0
899,2.0
900,2.0
901,3.0
902,4.0
903,0.0
904,0.0
905,3.0
906,2.0
907,1.0
908,2.0
909,2.0
910,0.0
911,0.0
912,2.0
913,0.0
914,0.0
915,0.0
916,1.0
917,4.0
918,3.0
919,2.0
920,0.0
921,1.0
922,2.0
923,0.0
924,2.0
925,4.0
926,2.0
927,2.0
928,2.0
929,2.0
930,0.0
931,0.0
932,3.0
933,3.0
934,4.0
935,1.0
936,2.0
937,0.0
938,2.0
939,1.0
940,1.0
941,2.0
942,0.0
943,3.0
944,2.0
945,1.0
946,2.0
947,0.0
948,0.0
949,2.0
950,0.0
951,0.0
952,1.0
953,0.0
954,0.0
955,0.0
956,0.0
957,1.0
958,1.0
959,1.0
960,3.0
961,1.0
962,1.0
963,2.0
964,0.0
965,3.0
966,4.0
967,2.0
968,2.0
969,1.0
970,1.0
971,1.0
972,1.0
973,1.0
974,1.0
975,2.0
976,0.0
977,1.0
978,0.0
979,0.0
980,3.0
981,3.0
982,0.0
983,0.0
984,2.0
985,0.0
986,0.0
987,0.0
988,0.0
989,2.0
990,0.0
991,3.0
992,0.0
993,1.0
994,1.0
995,0.0
996,2.0
997,2.0
998,1.0
999,3.0
1000,2.0
1001,1.0
1002,2.0
1003,1.0
1004,1.0
1005,2.0
1006,1.0
1007,1.0
1008,1.0
1009,0.0
1010,0.0
1011,2.0
1012,0.0
1013,3.0
1014,1.0
1015,3.0
1016,2.0
1017,0.0
1018,3.0
1019,0.0
1020,2.0
1021,0.0
1022,1.0
1023,2.0
1024,4.0
1025,0.0
1026,4.0
1027,0.0
1028,2.0
1029,5.0
1030,2.0
1031,3.0
1032,1.0
1033,4.0
1034,0.0
1035,2.0
1036,1.0
1037,0.0
1038,1.0
1039,1.0
1040,0.0
1041,2.0
1042,1.0
1043,1.0
1044,3.0
1045,2.0
1046,1.0
1047,2.0
1048,0.0
1049,0.0
1050,0.0
1051,0.0
1052,0.0
1053,1.0
1054,1.0
1055,1.0
1056,0.0
1057,0.0
1058,1.0
1059,3.0
1060,0.0
1061,0.0
1062,1.0
1063,3.0
1064,0.0
1065,4.0
1066,2.0
1067,1.0
1068,0.0
1069,1.0
1070,1.0
1071,0.0
1072,1.0
1073,1.0
1074,4.0
1075,2.0
1076,4.0
1077,1.0
1078,1.0
1079,0.0
1080,0.0
1081,4.0
1082,1.0
1083,0.0
1084,3.0
1085,1.0
1086,0.0
1087,1.0
1088,0.0
1089,1.0
1090,4.0
1091,2.0
1092,3.0
1093,0.0
1094,2.0
1095,0.0
1096,4.0
1097,0.0
1098,1.0
1099,2.0
1100,2.0
1101,6.0
1102,1.0
1103,0.0
1104,1.0
1105,1.0
1106,1.0
1107,2.0
1108,1.0
1109,2.0
1110,1.0
1111,0.0
1112,3.0
1113,1.0
1114,1.0
1115,1.0
1116,3.0
1117,1.0
1118,2.0
1119,2.0
1120,3.0
1121,1.0
1122,2.0
1123,0.0
1124,0.0
1125,5.0
1126,2.0
1127,2.0
1128,4.0
1129,1.0
1130,2.0
1131,2.0
1132,0.0
1133,2.0
1134,1.0
1135,1.0
1136,0.0
1137,2.0
1138,2.0
1139,2.0
1140,2.0
1141,3.0
1142,3.0
1143,0.0
1144,4.0
1145,4.0
1146,1.0
1147,0.0
1148,0.0
1149,0.0
1150,1.0
1151,1.0
1152,1.0
1153,0.0
1154,2.0
1155,2.0
1156,0.0
1157,1.0
1158,0.0
1159,3.0
1160,1.0
1161,3.0
1162,3.0
1163,1.0
1164,2.0
1165,1.0
1166,1.0
1167,5.0
1168,3.0
1169,1.0
1170,2.0
1171,3.0
1172,2.0
1173,0.0
1174,0.0
1175,0.0
1176,1.0
1177,4.0
1178,2.0
1179,3.0
1180,3.0
1181,0.0
1182,4.0
1183,1.0
1184,3.0
1185,2.0
1186,3.0
1187,1.0
1188,1.0
1189,1.0
1190,1.0
1191,3.0
1192,1.0
1193,4.0
1194,0.0
1195,1.0
1196,2.0
1197,0.0
1198,4.0
1199,2.0
1200,2.0
1201,3.0
1202,3.0
1203,3.0
1204,0.0
1205,0.0
1206,2.0
1207,1.0
1208,0.0
1209,3.0
1210,1.0
1211,0.0
1212,2.0
1213,2.0
1214,2.0
1215,1.0
1216,3.0
1217,1.0
1218,2.0
1219,1.0
1220,1.0
1221,2.0
1222,3.0
1223,2.0
1224,3.0
1225,1.0
1226,2.0
1227,0.0
1228,5.0
1229,4.0
1230,2.0
1231,2.0
1232,6.0
1233,1.0
1234,3.0
1235,1.0
1236,2.0
1237,3.0
1238,3.0
1239,1.0
1240,2.0
1241,4.0
1242,4.0
1243,5.0
1244,2.0
1245,4.0
1246,2.0
1247,2.0
1248,4.0
1249,4.0
1250,2.0
1251,2.0
1252,2.0
1253,4.0
1254,2.0
1255,4.0
1256,4.0
1257,1.0
1258,3.0
1259,4.0
1260,2.0
1261,4.0
1262,3.0
1263,2.0
1264,5.0
1265,5.0
1266,2.0
1267,3.0
1268,1.0
1269,3.0
1270,1.0
1271,3.0
1272,2.0
1273,5.0
1274,2.0
1275,5.0
1276,1.0
1277,1.0
1278,1.0
1279,4.0
1280,0.0
1281,3.0
1282,4.0
1283,1.0
1284,6.0
1285,3.0
1286,5.0
1287,4.0
1288,3.0
1289,1.0
1290,2.0
1291,4.0
1292,3.0
1293,3.0
1294,3.0
1295,1.0
1296,3.0
1297,2.0
1298,3.0
1299,0.0
1300,2.0
1301,5.0
1302,2.0
1303,0.0
1304,5.0
1305,2.0
1306,2.0
1307,3.0
1308,1.0
1309,1.0
1310,4.0
1311,6.0
1312,1.0
1313,3.0
1314,3.0
1315,3.0
1316,2.0
1317,3.0
1318,4.0
1319,5.0
1320,1.0
1321,1.0
1322,1.0
1323,1.0
1324,7.0
1325,5.0
1326,6.0
1327,3.0
1328,4.0
1329,2.0
1330,5.0
1331,3.0
1332,2.0
1333,2.0
1334,3.0
1335,3.0
1336,6.0
1337,4.0
1338,5.0
1339,2.0
1340,1.0
1341,1.0
1342,2.0
1343,4.0
1344,2.0
1345,3.0
1346,5.0
1347,1.0
1348,2.0
1349,3.0
1350,2.0
1351,3.0
1352,3.0
1353,4.0
1354,4.0
1355,5.0
1356,3.0
1357,5.0
1358,1.0
1359,2.0
1360,3.0
1361,5.0
1362,2.0
1363,4.0
1364,4.0
1365,4.0
1366,7.0
1367,7.0
1368,5.0
1369,5.0
1370,7.0
1371,4.0
1372,4.0
1373,2.0
1374,2.0
1375,7.0
1376,2.0
1377,1.0
1378,3.0
1379,3.0
1380,5.0
1381,3.0
1382,6.0
1383,4.0
1384,4.0
1385,3.0
1386,5.0
1387,9.0
1388,4.0
1389,9.0
1390,3.0
1391,3.0
1392,7.0
1393,3.0
1394,6.0
1395,5.0
1396,8.0
1397,4.0
1398,3.0
1399,5.0
1400,11.0
1401,8.0
1402,3.0
1403,4.0
1404,6.0
1405,6.0
1406,8.0
1407,4.0
1408,4.0
1409,4.0
1410,4.0
1411,4.0
1412,6.0
1413,5.0
1414,4.0
1415,5.0
1416,5.0
1417,6.0
1418,5.0
1419,2.0
1420,6.0
1421,2.0
1422,7.0
1423,7.0
1424,8.0
1425,8.0
1426,4.0
1427,13.0
1428,7.0
1429,8.0
1430,9.0
1431,5.0
1432,4.0
1433,4.0
1434,10.0
1435,4.0
1436,8.0
1437,7.0
1438,7.0
1439,8.0
1440,8.0
1441,5.0
1442,7.0
1443,6.0
1444,7.0
1445,13.0
1446,8.0
1447,9.0
1448,6.0
1449,6.0
1450,5.0
1451,13.0
1452,7.0
1453,8.0
1454,5.0
1455,7.0
1456,9.0
1457,9.0
1458,5.0
1459,9.0
1460,14.0
1461,11.0
1462,11.0
1463,9.0
1464,9.0
1465,10.0
1466,12.0
1467,10.0
1468,7.0
1469,8.0
1470,11.0
1471,4.0
1472,7.0
1473,14.0
1474,8.0
1475,12.0
1476,14.0
1477,9.0
1478,13.0
1479,11.0
1480,8.0
1481,2.0
1482,11.0
1483,8.0
1484,13.0
1485,8.0
1486,9.0
1487,12.0
1488,9.0
1489,11.0
1490,9.0
1491,13.0
1492,8.0
1493,10.0
1494,8.0
1495,10.0
1496,6.0
1497,11.0
1498,11.0
1499,13.0
1500,15.0
1501,10.0
1502,8.0
1503,13.0
1504,11.0
1505,14.0
1506,8.0
1507,10.0
1508,10.0
1509,16.0
1510,15.0
1511,19.0
1512,9.0
1513,9.0
1514,22.0
1515,9.0
1516,25.0
1517,11.0
1518,10.0
1519,5.0
1520,20.0
1521,14.0
1522,11.0
1523,16.0
1524,19.0
1525,12.0
1526,7.0
1527,12.0
1528,15.0
1529,5.0
1530,14.0
1531,19.0
1532,10.0
1533,13.0
1534,13.0
1535,17.0
1536,26.0
1537,20.0
1538,17.0
1539,10.0
1540,18.0
1541,12.0
1542,14.0
1543,13.0
1544,14.0
1545,16.0
1546,14.0
1547,13.0
1548,8.0
1549,15.0
1550,12.0
1551,21.0
1552,8.0
1553,18.0
1554,14.0
1555,18.0
1556,12.0
1557,18.0
1558,15.0
1559,16.0
1560,11.0
1561,14.0
1562,16.0
1563,18.0
1564,20.0
1565,20.0
1566,20.0
1567,34.0
1568,20.0
1569,31.0
1570,17.0
1571,11.0
1572,24.0
1573,27.0
1574,24.0
1575,15.0
1576,17.0
1577,12.0
1578,24.0
1579,20.0
1580,19.0
1581,15.0
1582,24.0
1583,13.0
1584,15.0
1585,15.0
1586,24.0
1587,12.0
1588,22.0
1589,28.0
1590,15.0
1591,20.0
1592,40.0
1593,33.0
1594,27.0
1595,26.0
1596,28.0
1597,21.0
1598,12.0
1599,25.0
1600,11.0
1601,16.0
1602,13.0
1603,13.0
1604,26.0
1605,29.0
1606,34.0
1607,46.0
1608,10.0
1609,19.0
1610,23.0
1611,26.0
1612,32.0
1613,25.0
1614,14.0
1615,46.0
1616,51.0
1617,41.0
1618,24.0
1619,36.0
1620,18.0
1621,18.0
1622,43.0
1623,15.0
1624,43.0
1625,19.0
1626,14.0
1627,22.0
1628,38.0
1629,20.0
1630,25.0
1631,33.0
1632,26.0
1633,30.0
1634,22.0
1635,30.0
1636,34.0
1637,13.0
1638,20.0
1639,39.0
1640,47.0
1641,22.0
1642,28.0
1643,17.0
1644,45.0
1645,87.0
1646,43.0
1647,21.0
1648,16.0
1649,38.0
1650,31.0
1651,22.0
1652,24.0
1653,34.0
1654,18.0
1655,14.0
1656,18.0
1657,13.0
1658,25.0
1659,18.0
1660,29.0
1661,47.0
1662,23.0
1663,44.0
1664,28.0
1665,34.0
1666,49.0
1667,28.0
1668,36.0
1669,49.0
1670,37.0
1671,50.0
1672,22.0
1673,29.0
1674,30.0
1675,21.0
1676,27.0
1677,19.0
1678,20.0
1679,29.0
1680,29.0
1681,20.0
1682,35.0
1683,42.0
1684,33.0
1685,44.0
1686,26.0
1687,38.0
1688,28.0
1689,48.0
1690,22.0
1691,46.0
1692,53.0
1693,26.0
1694,30.0
1695,31.0
1696,26.0
1697,46.0
1698,43.0
1699,24.0
1700,40.0
1701,27.0
1702,32.0
1703,35.0
1704,19.0
1705,47.0
1706,35.0
1707,21.0
1708,22.0
1709,19.0
1710,39.0
1711,44.0
1712,21.0
1713,19.0
1714,15.0
1715,16.0
1716,19.0
1717,33.0
1718,25.0
1719,20.0
1720,20.0
1721,22.0
1722,25.0
1723,18.0
1724,41.0
1725,24.0
1726,29.0
1727,38.0
1728,31.0
1729,38.0
1730,36.0
1731,23.0
1732,14.0
1733,23.0
1734,13.0
1735,30.0
1736,30.0
1737,18.0
1738,21.0
1739,32.0
1740,19.0
1741,20.0
1742,25.0
1743,19.0
1744,24.0
1745,38.0
1746,26.0
1747,22.0
1748,14.0
1749,22.0
1750,25.0
1751,27.0
1752,28.0
1753,32.0
1754,42.0
1755,14.0
1756,26.0
1757,13.0
1758,34.0
1759,26.0
1760,37.0
1761,22.0
1762,29.0
1763,12.0
1764,22.0
1765,21.0
1766,19.0
1767,18.0
1768,18.0
1769,18.0
1770,14.0
1771,23.0
1772,33.0
1773,20.0
1774,16.0
1775,14.0
1776,13.0
1777,20.0
1778,21.0
1779,18.0
1780,30.0
1781,35.0
1782,48.0
1783,26.0
1784,30.0
1785,18.0
1786,11.0
1787,17.0
1788,36.0
1789,10.0
1790,14.0
1791,14.0
1792,16.0
1793,18.0
1794,18.0
1795,12.0
1796,28.0
1797,15.0
1798,29.0
1799,8.0
1800,25.0
1801,15.0
1802,24.0
1803,19.0
1804,25.0
1805,40.0
1806,30.0
1807,16.0
1808,16.0
1809,18.0
1810,19.0
1811,18.0
1812,14.0
1813,21.0
1814,24.0
1815,9.0
1816,28.0
1817,30.0
1818,23.0
1819,50.0
1820,12.0
1821,35.0
1822,24.0
1823,19.0
1824,26.0
1825,27.0
1826,16.0
1827,26.0
1828,26.0
1829,16.0
1830,18.0
1831,30.0
1832,39.0
1833,25.0
1834,27.0
1835,37.0
1836,32.0
1837,20.0
1838,15.0
1839,41.0
1840,28.0
1841,18.0
1842,29.0
1843,19.0
1844,97.0
1845,27.0
1846,28.0
1847,28.0
1848,17.0
1849,23.0
1850,28.0
1851,36.0
1852,32.0
1853,16.0
1854,25.0
1855,12.0
1856,28.0
1857,25.0
1858,20.0
1859,16.0
1860,29.0
1861,15.0
1862,26.0
1863,16.0
1864,35.0
1865,20.0
1866,30.0
1867,26.0
1868,11.0
1869,21.0
1870,25.0
1871,19.0
1872,18.0
1873,22.0
1874,23.0
1875,10.0
1876,19.0
1877,15.0
1878,25.0
1879,33.0
1880,20.0
1881,19.0
1882,19.0
1883,27.0
1884,17.0
1885,21.0
1886,25.0
1887,22.0
1888,29.0
1889,15.0
1890,51.0
1891,25.0
1892,21.0
1893,25.0
1894,17.0
1895,15.0
1896,26.0
1897,46.0
1898,38.0
1899,42.0
1900,28.0
1901,23.0
1902,42.0
1903,37.0
1904,28.0
1905,27.0
1906,20.0
1907,15.0
1908,36.0
1909,26.0
1910,35.0
1911,24.0
1912,21.0
1913,17.0
1914,27.0
1915,28.0
1916,36.0
1917,16.0
1918,39.0
1919,45.0
1920,29.0
1921,33.0
1922,16.0
1923,47.0
1924,25.0
1925,12.0
1926,26.0
1927,35.0
1928,21.0
1929,9.0
1930,28.0
1931,34.0
1932,24.0
1933,43.0
1934,27.0
1935,11.0
1936,18.0
1937,30.0
1938,57.0
1939,34.0
1940,48.0
1941,24.0
1942,15.0
1943,21.0
1944,28.0
1945,40.0
1946,19.0
1947,14.0
1948,31.0
1949,29.0
1950,27.0
1951,10.0
1952,20.0
1953,32.0
1954,13.0
1955,15.0
1956,55.0
1957,33.0
1958,33.0
1959,15.0
1960,13.0
1961,30.0
1962,20.0
1963,23.0
1964,28.0
1965,46.0
1966,24.0
1967,37.0
1968,23.0
1969,26.0
1970,17.0
1971,33.0
1972,27.0
1973,38.0
1974,25.0
1975,23.0
1976,17.0
1977,42.0
1978,36.0
1979,21.0
1980,36.0
1981,30.0
1982,16.0
1983,32.0
1984,24.0
1985,42.0
1986,23.0
1987,31.0
1988,24.0
1989,29.0
1990,36.0
1991,23.0
1992,36.0
1993,9.0
1994,26.0
1995,41.0
1996,23.0
1997,20.0
1998,22.0
1999,40.0
2000,13.0
2001,17.0
2002,20.0
2003,21.0
2004,18.0
2005,33.0
2006,23.0
2007,17.0
2008,35.0
2009,39.0
2010,34.0
2011,14.0
2012,20.0
2013,23.0
2014,25.0
2015,18.0
2016,28.0
2017,30.0
2018,16.0
2019,28.0
2020,42.0
2021,26.0
2022,12.0
2023,37.0
2024,28.0
2025,64.0
2026,37.0
2027,43.0
2028,37.0
2029,24.0
2030,30.0
2031,23.0
2032,14.0
2033,18.0
2034,24.0
2035,22.0
2036,17.0
2037,21.0
2038,31.0
2039,22.0
2040,36.0
2041,22.0
2042,13.0
2043,26.0
2044,37.0
2045,28.0
2046,32.0
2047,22.0
2048,33.0
2049,15.0
2050,23.0
2051,21.0
2052,17.0
2053,17.0
2054,30.0
2055,18.0
2056,38.0
2057,27.0
2058,14.0
2059,48.0
2060,11.0
2061,28.0
2062,10.0
2063,41.0
2064,17.0
2065,13.0
2066,23.0
2067,14.0
2068,27.0
2069,9.0
2070,14.0
2071,18.0
2072,19.0
2073,26.0
2074,28.0
2075,21.0
2076,54.0
2077,23.0
2078,25.0
2079,12.0
2080,17.0
2081,14.0
2082,35.0
2083,38.0
2084,15.0
2085,15.0
2086,12.0
2087,26.0
2088,32.0
2089,11.0
2090,45.0
2091,31.0
2092,29.0
2093,27.0
2094,63.0
2095,16.0
2096,14.0
2097,41.0
2098,14.0
2099,21.0
2100,17.0
2101,38.0
2102,25.0
2103,35.0
2104,25.0
2105,48.0
2106,24.0
2107,6.0
2108,15.0
2109,25.0
2110,17.0
2111,20.0
2112,35.0
2113,32.0
2114,14.0
2115,10.0
2116,11.0
2117,18.0
2118,27.0
2119,13.0
2120,14.0
2121,22.0
2122,24.0
2123,31.0
2124,23.0
2125,18.0
2126,20.0
2127,20.0
2128,12.0
2129,26.0
2130,59.0
2131,26.0
2132,40.0
2133,8.0
2134,12.0
2135,13.0
2136,12.0
2137,29.0
2138,12.0
2139,23.0
2140,18.0
2141,27.0
2142,46.0
2143,22.0
2144,33.0
2145,23.0
2146,9.0
2147,17.0
2148,10.0
2149,17.0
2150,43.0
2151,28.0
2152,21.0
2153,20.0
2154,23.0
2155,21.0
2156,16.0
2157,18.0
2158,21.0
2159,9.0
2160,18.0
2161,15.0
2162,28.0
2163,47.0
2164,10.0
2165,22.0
2166,29.0
2167,22.0
2168,21.0
2169,19.0
2170,12.0
2171,16.0
2172,17.0
2173,17.0
2174,26.0
2175,23.0
2176,14.0
2177,23.0
2178,17.0
2179,23.0
2180,14.0
2181,30.0
2182,25.0
2183,28.0
2184,24.0
2185,19.0
2186,22.0
2187,31.0
2188,13.0
2189,14.0
2190,26.0
2191,49.0
2192,11.0
2193,24.0
2194,31.0
2195,18.0
2196,24.0
2197,48.0
2198,18.0
2199,41.0
2200,30.0
2201,21.0
2202,13.0
2203,45.0
2204,35.0
2205,14.0
2206,21.0
2207,33.0
2208,11.0
2209,21.0
2210,14.0
2211,4.0
2212,37.0
2213,24.0
2214,16.0
2215,46.0
2216,29.0
2217,11.0
2218,17.0
2219,29.0
2220,16.0
2221,21.0
2222,23.0
2223,31.0
2224,23.0
2225,17.0
2226,23.0
2227,52.0
2228,15.0
2229,16.0
2230,21.0
2231,15.0
2232,10.0
2233,12.0
2234,37.0
2235,36.0
2236,13.0
2237,12.0
2238,39.0
2239,20.0
2240,26.0
2241,36.0
2242,30.0
2243,19.0
2244,30.0
2245,12.0
2246,15.0
2247,14.0
2248,40.0
2249,25.0
2250,28.0
2251,40.0
2252,19.0
2253,8.0
2254,19.0
2255,13.0
2256,15.0
2257,27.0
2258,14.0
2259,9.0
2260,17.0
2261,12.0
2262,18.0
2263,19.0
2264,21.0
2265,32.0
2266,27.0
2267,33.0
2268,26.0
2269,24.0
2270,12.0
2271,18.0
2272,23.0
2273,17.0
2274,23.0
2275,22.0
2276,23.0
2277,20.0
2278,20.0
2279,22.0
2280,9.0
2281,10.0
2282,17.0
2283,6.0
2284,7.0
2285,13.0
2286,9.0
2287,30.0
2288,22.0
2289,19.0
2290,9.0
2291,13.0
2292,29.0
2293,9.0
2294,14.0
2295,7.0
2296,21.0
2297,12.0
2298,11.0
2299,14.0
2300,12.0
2301,10.0
2302,11.0
2303,15.0
2304,14.0
2305,10.0
2306,32.0
2307,24.0
2308,17.0
2309,17.0
2310,10.0
2311,10.0
2312,25.0
2313,26.0
2314,39.0
2315,24.0
2316,21.0
2317,25.0
2318,24.0
2319,19.0
2320,24.0
2321,20.0
2322,25.0
2323,26.0
2324,31.0
2325,10.0
2326,20.0
2327,28.0
2328,17.0
2329,12.0
2330,11.0
2331,15.0
2332,27.0
2333,15.0
2334,22.0
2335,12.0
2336,17.0
2337,22.0
2338,44.0
2339,33.0
2340,12.0
2341,26.0
2342,24.0
2343,37.0
2344,29.0
2345,15.0
2346,23.0
2347,9.0
2348,16.0
2349,17.0
2350,20.0
2351,32.0
2352,26.0
2353,19.0
2354,26.0
2355,21.0
2356,22.0
2357,17.0
2358,10.0
2359,18.0
2360,15.0
2361,16.0
2362,8.0
2363,19.0
2364,18.0
2365,24.0
2366,17.0
2367,19.0
2368,18.0
2369,28.0
2370,17.0
2371,22.0
2372,50.0
2373,29.0
2374,21.0
2375,29.0
2376,10.0
2377,25.0
2378,14.0
2379,12.0
2380,11.0
2381,18.0
2382,24.0
2383,21.0
2384,16.0
2385,19.0
2386,18.0
2387,9.0
2388,15.0
2389,34.0
2390,12.0
2391,17.0
2392,33.0
2393,22.0
2394,11.0
2395,15.0
2396,31.0
2397,25.0
2398,40.0
2399,12.0
2400,18.0
2401,13.0
2402,17.0
2403,27.0
2404,13.0
2405,28.0
2406,19.0
2407,33.0
2408,11.0
2409,30.0
2410,12.0
2411,42.0
2412,39.0
2413,15.0
2414,14.0
2415,54.0
2416,19.0
2417,30.0
2418,30.0
2419,27.0
2420,16.0
2421,18.0
2422,13.0
2423,17.0
2424,6.0
2425,17.0
2426,24.0
2427,21.0
2428,10.0
2429,23.0
2430,13.0
2431,12.0
2432,7.0
2433,25.0
2434,24.0
2435,23.0
2436,13.0
2437,18.0
2438,21.0
2439,22.0
2440,18.0
2441,30.0
2442,17.0
2443,31.0
2444,31.0
2445,8.0
2446,31.0
2447,13.0
2448,20.0
2449,21.0
2450,17.0
2451,9.0
2452,21.0
2453,14.0
2454,23.0
2455,16.0
2456,19.0
2457,15.0
2458,28.0
2459,18.0
2460,28.0
2461,22.0
2462,15.0
2463,24.0
2464,17.0
2465,8.0
2466,22.0
2467,16.0
2468,27.0
2469,18.0
2470,18.0
2471,23.0
2472,19.0
2473,40.0
2474,18.0
2475,11.0
2476,38.0
2477,16.0
2478,18.0
2479,18.0
2480,17.0
2481,20.0
2482,13.0
2483,14.0
2484,13.0
2485,18.0
2486,7.0
2487,24.0
2488,22.0
2489,13.0
2490,16.0
2491,29.0
2492,19.0
2493,27.0
2494,38.0
2495,15.0
2496,40.0
2497,31.0
2498,13.0
2499,24.0
2500,21.0
2501,21.0
2502,12.0
2503,22.0
2504,20.0
2505,11.0
2506,21.0
2507,22.0
2508,15.0
2509,23.0
2510,31.0
2511,26.0
2512,12.0
2513,41.0
2514,13.0
2515,26.0
2516,30.0
2517,21.0
2518,25.0
2519,28.0
2520,20.0
2521,16.0
2522,15.0
2523,16.0
2524,45.0
2525,21.0
2526,25.0
2527,22.0
2528,18.0
2529,14.0
2530,25.0
2531,32.0
2532,16.0
2533,22.0
2534,13.0
2535,27.0
2536,31.0
2537,10.0
2538,17.0
2539,22.0
2540,21.0
2541,26.0
2542,19.0
2543,22.0
2544,29.0
2545,21.0
2546,23.0
2547,29.0
2548,13.0
2549,34.0
2550,30.0
2551,18.0
2552,13.0
2553,23.0
2554,11.0
2555,23.0
2556,20.0
2557,9.0
2558,18.0
2559,17.0
2560,10.0
2561,23.0
2562,17.0
2563,26.0
2564,27.0
2565,10.0
2566,13.0
2567,17.0
2568,16.0
2569,11.0
2570,17.0
2571,24.0
2572,21.0
2573,56.0
2574,19.0
2575,19.0
2576,14.0
2577,15.0
2578,41.0
2579,22.0
2580,19.0
2581,38.0
2582,6.0
2583,21.0
2584,16.0
2585,12.0
2586,22.0
2587,26.0
2588,13.0
2589,12.0
2590,27.0
2591,19.0
2592,28.0
2593,20.0
2594,17.0
2595,27.0
2596,36.0
2597,13.0
2598,18.0
2599,26.0
2600,25.0
2601,17.0
2602,27.0
2603,30.0
2604,45.0
2605,13.0
2606,18.0
2607,22.0
2608,24.0
2609,17.0
2610,23.0
2611,10.0
2612,17.0
2613,11.0
2614,12.0
2615,26.0
2616,51.0
2617,15.0
2618,28.0
2619,25.0
2620,41.0
2621,34.0
2622,41.0
2623,19.0
2624,15.0
2625,29.0
2626,13.0
2627,27.0
2628,39.0
2629,8.0
2630,16.0
2631,17.0
2632,21.0
2633,32.0
2634,38.0
2635,36.0
2636,36.0
2637,45.0
2638,36.0
2639,15.0
2640,16.0
2641,29.0
2642,27.0
2643,27.0
2644,27.0
2645,45.0
2646,29.0
2647,18.0
2648,13.0
2649,11.0
2650,28.0
2651,23.0
2652,12.0
2653,25.0
2654,16.0
2655,12.0
2656,29.0
2657,32.0
2658,16.0
2659,30.0
2660,14.0
2661,22.0
2662,22.0
2663,25.0
2664,27.0
2665,11.0
2666,16.0
2667,30.0
2668,11.0
2669,28.0
2670,15.0
2671,9.0
2672,11.0
2673,29.0
2674,12.0
2675,15.0
2676,18.0
2677,87.0
2678,22.0
2679,13.0
2680,28.0
2681,32.0
2682,25.0
2683,19.0
2684,11.0
2685,31.0
2686,13.0
2687,9.0
2688,38.0
2689,16.0
2690,10.0
2691,15.0
2692,15.0
2693,10.0
2694,26.0
2695,7.0
2696,15.0
2697,27.0
2698,31.0
2699,28.0
2700,32.0
2701,22.0
2702,19.0
2703,20.0
2704,29.0
2705,12.0
2706,32.0
2707,24.0
2708,10.0
2709,26.0
2710,24.0
2711,15.0
2712,25.0
2713,13.0
2714,27.0
2715,36.0
2716,21.0
2717,30.0
2718,23.0
2719,22.0
2720,34.0
2721,10.0
2722,12.0
2723,8.0
2724,37.0
2725,17.0
2726,24.0
2727,21.0
2728,32.0
2729,11.0
2730,20.0
2731,36.0
2732,20.0
2733,22.0
2734,28.0
2735,25.0
2736,17.0
2737,25.0
2738,25.0
2739,12.0
2740,32.0
2741,13.0
2742,12.0
2743,12.0
2744,19.0
2745,14.0
2746,14.0
2747,18.0
2748,12.0
2749,16.0
2750,11.0
2751,12.0
2752,16.0
2753,13.0
2754,7.0
2755,21.0
2756,14.0
2757,20.0
2758,12.0
2759,12.0
2760,21.0
2761,13.0
2762,15.0
2763,13.0
2764,13.0
2765,11.0
2766,15.0
2767,10.0
2768,26.0
2769,18.0
2770,35.0
2771,19.0
2772,7.0
2773,12.0
2774,26.0
2775,13.0
2776,33.0
2777,16.0
2778,15.0
2779,6.0
2780,12.0
2781,32.0
2782,13.0
2783,20.0
2784,35.0
2785,31.0
2786,14.0
2787,8.0
2788,16.0
2789,6.0
2790,21.0
2791,12.0
2792,22.0
2793,16.0
2794,9.0
2795,9.0
2796,24.0
2797,14.0
2798,28.0
2799,25.0
2800,27.0
2801,13.0
2802,19.0
2803,13.0
2804,20.0
2805,13.0
2806,10.0
2807,10.0
2808,25.0
2809,16.0
2810,11.0
2811,22.0
2812,18.0
2813,9.0
2814,12.0
2815,22.0
2816,10.0
2817,29.0
2818,56.0
2819,21.0
2820,16.0
2821,18.0
2822,13.0
2823,18.0
2824,21.0
2825,17.0
2826,18.0
2827,9.0
2828,15.0
2829,11.0
2830,13.0
2831,15.0
2832,23.0
2833,16.0
2834,6.0
2835,15.0
2836,9.0
2837,9.0
2838,12.0
2839,7.0
2840,15.0
2841,26.0
2842,12.0
2843,14.0
2844,7.0
2845,15.0
2846,13.0
2847,19.0
2848,16.0
2849,23.0
2850,22.0
2851,13.0
2852,18.0
2853,14.0
2854,9.0
2855,16.0
2856,21.0
2857,31.0
2858,5.0
2859,11.0
2860,12.0
2861,17.0
2862,12.0
2863,9.0
2864,12.0
2865,18.0
2866,24.0
2867,16.0
2868,27.0
2869,9.0
2870,10.0
2871,14.0
2872,20.0
2873,21.0
2874,42.0
2875,18.0
2876,7.0
2877,25.0
2878,10.0
2879,19.0
2880,21.0
2881,12.0
2882,20.0
2883,11.0
2884,13.0
2885,19.0
2886,36.0
2887,10.0
2888,22.0
2889,20.0
2890,20.0
2891,13.0
2892,22.0
2893,11.0
2894,8.0
2895,15.0
2896,17.0
2897,24.0
2898,21.0
2899,13.0
2900,20.0
2901,12.0
2902,26.0
2903,38.0
2904,5.0
2905,29.0
2906,33.0
2907,16.0
2908,14.0
2909,15.0
2910,14.0
2911,18.0
2912,54.0
2913,30.0
2914,15.0
2915,18.0
2916,28.0
2917,25.0
2918,6.0
2919,30.0
2920,11.0
2921,17.0
2922,14.0
2923,27.0
2924,25.0
2925,10.0
2926,10.0
2927,28.0
2928,53.0
2929,32.0
2930,7.0
2931,19.0
2932,8.0
2933,17.0
2934,17.0
2935,17.0
2936,27.0
2937,15.0
2938,18.0
2939,43.0
2940,19.0
2941,18.0
2942,54.0
2943,33.0
2944,17.0
2945,52.0
2946,13.0
2947,26.0
2948,8.0
2949,15.0
2950,29.0
2951,20.0
2952,9.0
2953,13.0
2954,34.0
2955,16.0
2956,23.0
2957,35.0
2958,39.0
2959,30.0
2960,17.0
2961,18.0
2962,19.0
2963,36.0
2964,26.0
2965,27.0
2966,37.0
2967,31.0
2968,39.0
2969,25.0
2970,34.0
2971,18.0
2972,26.0
2973,17.0
2974,11.0
2975,23.0
2976,20.0
2977,47.0
2978,17.0
2979,45.0
2980,20.0
2981,11.0
2982,22.0
2983,24.0
2984,22.0
2985,41.0
2986,17.0
2987,28.0
2988,13.0
2989,40.0
2990,36.0
2991,8.0
2992,23.0
2993,27.0
2994,20.0
2995,4.0
2996,19.0
2997,22.0
2998,15.0
2999,10.0
3000,17.0
3001,10.0
3002,8.0
3003,21.0
3004,26.0
3005,14.0
3006,17.0
3007,21.0
3008,13.0
3009,17.0
3010,16.0
3011,14.0
3012,19.0
3013,24.0
3014,17.0
3015,25.0
3016,16.0
3017,22.0
3018,15.0
3019,11.0
3020,30.0
3021,31.0
3022,28.0
3023,17.0
3024,33.0
3025,31.0
3026,19.0
3027,26.0
3028,9.0
3029,21.0
3030,28.0
3031,18.0
3032,20.0
3033,15.0
3034,25.0
3035,22.0
3036,13.0
3037,23.0
3038,26.0
3039,25.0
3040,18.0
3041,21.0
3042,23.0
3043,22.0
3044,38.0
3045,24.0
3046,28.0
3047,36.0
3048,23.0
3049,11.0
3050,34.0
3051,20.0
3052,29.0
3053,22.0
3054,15.0
3055,16.0
3056,25.0
3057,17.0
3058,12.0
3059,39.0
3060,32.0
3061,30.0
3062,41.0
3063,19.0
3064,21.0
3065,19.0
3066,17.0
3067,35.0
3068,29.0
3069,27.0
3070,14.0
3071,22.0
3072,16.0
3073,20.0
3074,30.0
3075,34.0
3076,25.0
3077,17.0
3078,13.0
3079,14.0
3080,40.0
3081,16.0
3082,30.0
3083,12.0
3084,7.0
3085,11.0
3086,41.0
3087,23.0
3088,17.0
3089,14.0
3090,7.0
3091,14.0
3092,18.0
3093,15.0
3094,25.0
3095,38.0
3096,14.0
3097,16.0
3098,45.0
3099,27.0
3100,17.0
3101,12.0
3102,44.0
3103,27.0
3104,18.0
3105,12.0
3106,20.0
3107,24.0
3108,15.0
3109,26.0
3110,36.0
3111,26.0
3112,41.0
3113,12.0
3114,20.0
3115,34.0
3116,15.0
3117,13.0
3118,26.0
3119,43.0
3120,21.0
3121,17.0
3122,23.0
3123,21.0
3124,19.0
3125,42.0
3126,42.0
3127,26.0
3128,20.0
3129,24.0
3130,15.0
3131,29.0
3132,21.0
3133,41.0
3134,25.0
3135,28.0
3136,29.0
3137,13.0
3138,11.0
3139,25.0
3140,17.0
3141,25.0
3142,24.0
3143,24.0
3144,6.0
3145,16.0
3146,17.0
3147,50.0
3148,7.0
3149,21.0
3150,15.0
3151,21.0
3152,22.0
3153,18.0
3154,15.0
3155,24.0
3156,17.0
3157,16.0
3158,18.0
3159,20.0
3160,29.0
3161,36.0
3162,14.0
3163,17.0
3164,42.0
3165,19.0
3166,31.0
3167,18.0
3168,13.0
3169,35.0
3170,11.0
3171,23.0
3172,41.0
3173,17.0
3174,19.0
3175,9.0
3176,31.0
3177,50.0
3178,14.0
3179,24.0
3180,29.0
3181,17.0
3182,14.0
3183,15.0
3184,22.0
3185,31.0
3186,13.0
3187,55.0
3188,20.0
3189,17.0
3190,45.0
3191,11.0
3192,34.0
3193,11.0
3194,24.0
3195,26.0
3196,16.0
3197,32.0
3198,16.0
3199,9.0
3200,37.0
3201,24.0
3202,27.0
3203,32.0
3204,23.0
3205,13.0
3206,15.0
3207,21.0
3208,19.0
3209,16.0
3210,11.0
3211,30.0
3212,20.0
3213,31.0
3214,10.0
3215,29.0
3216,36.0
3217,41.0
3218,21.0
3219,20.0
3220,15.0
3221,18.0
3222,23.0
3223,29.0
3224,26.0
3225,8.0
3226,16.0
3227,32.0
3228,21.0
3229,36.0
3230,12.0
3231,14.0
3232,24.0
3233,16.0
3234,24.0
3235,18.0
3236,13.0
3237,12.0
3238,12.0
3239,39.0
3240,21.0
3241,13.0
3242,12.0
3243,17.0
3244,35.0
3245,40.0
3246,26.0
3247,19.0
3248,24.0
3249,24.0
3250,31.0
3251,19.0
3252,17.0
3253,18.0
3254,43.0
3255,23.0
3256,10.0
3257,32.0
3258,13.0
3259,15.0
3260,9.0
3261,28.0
3262,13.0
3263,30.0
3264,23.0
3265,18.0
3266,11.0
3267,7.0
3268,22.0
3269,24.0
3270,27.0
3271,22.0
3272,16.0
3273,25.0
3274,43.0
3275,10.0
3276,33.0
3277,21.0
3278,12.0
3279,10.0
3280,24.0
3281,34.0
3282,34.0
3283,21.0
3284,25.0
3285,10.0
3286,13.0
3287,27.0
3288,37.0
3289,23.0
3290,17.0
3291,33.0
3292,20.0
3293,24.0
3294,11.0
3295,14.0
3296,25.0
3297,26.0
3298,34.0
3299,21.0
3300,19.0
3301,17.0
3302,23.0
3303,27.0
3304,25.0
3305,17.0
3306,30.0
3307,20.0
3308,21.0
3309,12.0
3310,42.0
3311,25.0
3312,37.0
3313,12.0
3314,33.0
3315,23.0
3316,9.0
3317,33.0
3318,33.0
3319,40.0
3320,19.0
3321,15.0
3322,18.0
3323,8.0
3324,26.0
3325,21.0
3326,20.0
3327,31.0
3328,39.0
3329,28.0
3330,33.0
3331,29.0
3332,32.0
3333,39.0
3334,14.0
3335,12.0
3336,27.0
3337,33.0
3338,18.0
3339,16.0
3340,11.0
3341,19.0
3342,20.0
3343,16.0
3344,18.0
3345,26.0
3346,27.0
3347,17.0
3348,21.0
3349,16.0
3350,22.0
3351,41.0
3352,30.0
3353,44.0
3354,33.0
3355,8.0
3356,26.0
3357,26.0
3358,28.0
3359,10.0
3360,28.0
3361,10.0
3362,17.0
3363,16.0
3364,27.0
3365,17.0
3366,19.0
3367,18.0
3368,19.0
3369,9.0
3370,23.0
3371,29.0
3372,28.0
3373,17.0
3374,22.0
3375,19.0
3376,10.0
3377,12.0
3378,12.0
3379,14.0
3380,22.0
3381,24.0
3382,10.0
3383,19.0
3384,20.0
3385,16.0
3386,19.0
3387,9.0
3388,27.0
3389,18.0
3390,25.0
3391,16.0
3392,28.0
3393,29.0
3394,9.0
3395,10.0
3396,13.0
3397,11.0
3398,28.0
3399,23.0
3400,43.0
3401,21.0
3402,10.0
3403,19.0
3404,13.0
3405,30.0
3406,31.0
3407,19.0
3408,22.0
3409,16.0
3410,10.0
3411,10.0
3412,13.0
3413,22.0
3414,40.0
3415,32.0
3416,38.0
3417,52.0
3418,26.0
3419,22.0
3420,25.0
3421,16.0
3422,31.0
3423,16.0
3424,10.0
3425,25.0
3426,8.0
3427,17.0
3428,8.0
3429,25.0
3430,34.0
3431,30.0
3432,25.0
3433,31.0
3434,21.0
3435,18.0
3436,24.0
3437,16.0
3438,22.0
3439,11.0
3440,15.0
3441,10.0
3442,18.0
3443,12.0
3444,17.0
3445,30.0
3446,26.0
3447,33.0
3448,13.0
3449,23.0
3450,37.0
3451,15.0
3452,13.0
3453,12.0
3454,11.0
3455,22.0
3456,17.0
3457,12.0
3458,12.0
3459,42.0
3460,26.0
3461,7.0
3462,10.0
3463,19.0
3464,24.0
3465,25.0
3466,24.0
3467,20.0
3468,26.0
3469,33.0
3470,14.0
3471,34.0
3472,23.0
3473,9.0
3474,21.0
3475,42.0
3476,31.0
3477,19.0
3478,11.0
3479,31.0
3480,27.0
3481,37.0
3482,16.0
3483,19.0
3484,21.0
3485,24.0
3486,15.0
3487,12.0
3488,21.0
3489,32.0
3490,14.0
3491,17.0
3492,15.0
3493,13.0
3494,20.0
3495,23.0
3496,24.0
3497,24.0
3498,20.0
3499,48.0
3500,25.0
3501,11.0
3502,22.0
3503,31.0
3504,17.0
3505,10.0
3506,27.0
3507,26.0
3508,20.0
3509,29.0
3510,30.0
3511,32.0
3512,37.0
3513,17.0
3514,13.0
3515,19.0
3516,26.0
3517,20.0
3518,24.0
3519,34.0
3520,17.0
3521,26.0
3522,38.0
3523,37.0
3524,37.0
3525,31.0
3526,17.0
3527,11.0
3528,8.0
3529,22.0
3530,16.0
3531,47.0
3532,21.0
3533,30.0
3534,15.0
3535,10.0
3536,7.0
3537,35.0
3538,20.0
3539,38.0
3540,12.0
3541,26.0
3542,13.0
3543,34.0
3544,24.0
3545,11.0
3546,23.0
3547,14.0
3548,51.0
3549,34.0
3550,20.0
3551,38.0
3552,19.0
3553,8.0
3554,20.0
3555,14.0
3556,16.0
3557,35.0
3558,17.0
3559,20.0
3560,21.0
3561,5.0
3562,26.0
3563,14.0
3564,7.0
3565,33.0
3566,22.0
3567,20.0
3568,38.0
3569,36.0
3570,25.0
3571,25.0
3572,8.0
3573,12.0
3574,13.0
3575,15.0
3576,7.0
3577,32.0
3578,29.0
3579,13.0
3580,17.0
3581,11.0
3582,18.0
3583,19.0
3584,11.0
3585,7.0
3586,29.0
3587,10.0
3588,18.0
3589,31.0
3590,16.0
3591,19.0
3592,28.0
3593,25.0
3594,22.0
3595,10.0
3596,22.0
3597,9.0
3598,38.0
3599,16.0
3600,32.0
3601,19.0
3602,34.0
3603,12.0
3604,15.0
3605,16.0
3606,22.0
3607,27.0
3608,13.0
3609,23.0
3610,18.0
3611,28.0
3612,13.0
3613,14.0
3614,14.0
3615,11.0
3616,40.0
3617,24.0
3618,11.0
3619,14.0
3620,10.0
3621,19.0
3622,17.0
3623,5.0
3624,35.0
3625,15.0
3626,8.0
3627,12.0
3628,17.0
3629,18.0
3630,63.0
3631,10.0
3632,38.0
3633,13.0
3634,16.0
3635,22.0
3636,17.0
3637,9.0
3638,35.0
3639,12.0
3640,27.0
3641,11.0
3642,37.0
3643,31.0
3644,22.0
3645,18.0
3646,41.0
3647,22.0
3648,28.0
3649,26.0
3650,7.0
3651,8.0
3652,11.0
3653,15.0
3654,14.0
3655,13.0
3656,11.0
3657,20.0
3658,37.0
3659,18.0
3660,16.0
3661,16.0
3662,15.0
3663,11.0
3664,8.0
3665,25.0
3666,19.0
3667,26.0
3668,14.0
3669,42.0
3670,16.0
3671,28.0
3672,14.0
3673,17.0
3674,16.0
3675,14.0
3676,12.0
3677,8.0
3678,32.0
3679,15.0
3680,12.0
3681,33.0
3682,19.0
3683,12.0
3684,18.0
3685,15.0
3686,16.0
3687,48.0
3688,21.0
3689,25.0
3690,33.0
3691,41.0
3692,13.0
3693,12.0
3694,25.0
3695,17.0
3696,10.0
3697,11.0
3698,37.0
3699,12.0
3700,18.0
3701,34.0
3702,25.0
3703,15.0
3704,18.0
3705,29.0
3706,14.0
3707,24.0
3708,12.0
3709,11.0
3710,21.0
3711,17.0
3712,28.0
3713,16.0
3714,15.0
3715,6.0
3716,32.0
3717,10.0
3718,18.0
3719,10.0
3720,12.0
3721,19.0
3722,13.0
3723,17.0
3724,20.0
3725,14.0
3726,6.0
3727,18.0
3728,11.0
3729,17.0
3730,9.0
3731,19.0
3732,10.0
3733,11.0
3734,12.0
3735,10.0
3736,12.0
3737,13.0
3738,15.0
3739,33.0
3740,29.0
3741,15.0
3742,26.0
3743,13.0
3744,19.0
3745,23.0
3746,19.0
3747,15.0
3748,21.0
3749,15.0
3750,48.0
3751,18.0
3752,19.0
3753,22.0
3754,21.0
3755,23.0
3756,16.0
3757,6.0
3758,12.0
3759,15.0
3760,7.0
3761,14.0
3762,23.0
3763,16.0
3764,6.0
3765,6.0
3766,19.0
3767,17.0
3768,16.0
3769,19.0
3770,30.0
3771,10.0
3772,8.0
3773,14.0
3774,15.0
3775,26.0
3776,32.0
3777,9.0
3778,25.0
3779,13.0
3780,21.0
3781,19.0
3782,11.0
3783,16.0
3784,16.0
3785,28.0
3786,18.0
3787,6.0
3788,21.0
3789,26.0
3790,34.0
3791,18.0
3792,18.0
3793,15.0
3794,11.0
3795,12.0
3796,16.0
3797,9.0
3798,14.0
3799,12.0
3800,14.0
3801,10.0
3802,15.0
3803,24.0
3804,25.0
3805,28.0
3806,7.0
3807,10.0
3808,8.0
3809,19.0
3810,6.0
3811,26.0
3812,20.0
3813,12.0
3814,24.0
3815,4.0
3816,28.0
3817,15.0
3818,12.0
3819,23.0
3820,12.0
3821,9.0
3822,8.0
3823,11.0
3824,22.0
3825,16.0
3826,16.0
3827,11.0
3828,33.0
3829,5.0
3830,28.0
3831,26.0
3832,43.0
3833,22.0
3834,17.0
3835,18.0
3836,7.0
3837,22.0
3838,22.0
3839,23.0
3840,22.0
3841,17.0
3842,8.0
3843,21.0
3844,20.0
3845,16.0
3846,13.0
3847,19.0
3848,10.0
3849,16.0
3850,25.0
3851,20.0
3852,34.0
3853,31.0
3854,10.0
3855,19.0
3856,11.0
3857,10.0
3858,8.0
3859,22.0
3860,17.0
3861,14.0
3862,9.0
3863,13.0
3864,12.0
3865,34.0
3866,6.0
3867,8.0
3868,14.0
3869,16.0
3870,34.0
3871,26.0
3872,17.0
3873,18.0
3874,22.0
3875,24.0
3876,16.0
3877,13.0
3878,10.0
3879,32.0
3880,17.0
3881,19.0
3882,27.0
3883,18.0
3884,28.0
3885,16.0
3886,21.0
3887,11.0
3888,53.0
3889,12.0
3890,20.0
3891,17.0
3892,8.0
3893,28.0
3894,10.0
3895,13.0
3896,24.0
3897,10.0
3898,5.0
3899,23.0
3900,7.0
3901,17.0
3902,12.0
3903,24.0
3904,12.0
3905,24.0
3906,29.0
3907,13.0
3908,29.0
3909,25.0
3910,15.0
3911,5.0
3912,12.0
3913,17.0
3914,28.0
3915,14.0
3916,17.0
3917,23.0
3918,24.0
3919,22.0
3920,13.0
3921,13.0
3922,20.0
3923,37.0
3924,20.0
3925,13.0
3926,13.0
3927,19.0
3928,8.0
3929,12.0
3930,19.0
3931,24.0
3932,20.0
3933,28.0
3934,19.0
3935,12.0
3936,20.0
3937,15.0
3938,12.0
3939,10.0
3940,17.0
3941,43.0
3942,27.0
3943,11.0
3944,21.0
3945,25.0
3946,15.0
3947,8.0
3948,11.0
3949,31.0
3950,14.0
3951,12.0
3952,29.0
3953,43.0
3954,14.0
3955,11.0
3956,11.0
3957,12.0
3958,17.0
3959,21.0
3960,10.0
3961,13.0
3962,24.0
3963,20.0
3964,13.0
3965,21.0
3966,11.0
3967,9.0
3968,15.0
3969,10.0
3970,12.0
3971,27.0
3972,12.0
3973,18.0
3974,22.0
3975,47.0
3976,10.0
3977,23.0
3978,5.0
3979,11.0
3980,29.0
3981,25.0
3982,19.0
3983,22.0
3984,14.0
3985,27.0
3986,56.0
3987,17.0
3988,61.0
3989,17.0
3990,13.0
3991,11.0
3992,29.0
3993,18.0
3994,30.0
3995,6.0
3996,27.0
3997,27.0
3998,14.0
3999,25.0
4000,22.0
4001,13.0
4002,14.0
4003,16.0
4004,15.0
4005,11.0
4006,16.0
4007,17.0
4008,24.0
4009,19.0
4010,26.0
4011,12.0
4012,30.0
4013,13.0
4014,11.0
4015,16.0
4016,27.0
4017,13.0
4018,24.0
4019,21.0
4020,13.0
4021,25.0
4022,35.0
4023,18.0
4024,17.0
4025,11.0
4026,9.0
4027,20.0
4028,14.0
4029,13.0
4030,20.0
4031,44.0
4032,17.0
4033,25.0
4034,20.0
4035,8.0
4036,34.0
4037,29.0
4038,10.0
4039,15.0
4040,22.0
4041,16.0
4042,12.0
4043,27.0
4044,18.0
4045,38.0
4046,11.0
4047,16.0
4048,18.0
4049,31.0
4050,27.0
4051,20.0
4052,27.0
4053,23.0
4054,54.0
4055,21.0
4056,29.0
4057,31.0
4058,20.0
4059,28.0
4060,24.0
4061,58.0
4062,26.0
4063,16.0
4064,30.0
4065,27.0
4066,34.0
4067,24.0
4068,29.0
4069,35.0
4070,42.0
4071,28.0
4072,29.0
4073,12.0
4074,37.0
4075,27.0
4076,15.0
4077,19.0
4078,31.0
4079,25.0
4080,36.0
4081,26.0
4082,26.0
4083,17.0
4084,19.0
4085,35.0
4086,11.0
4087,25.0
4088,20.0
4089,13.0
4090,10.0
4091,30.0
4092,25.0
4093,12.0
4094,13.0
4095,19.0
4096,21.0
4097,29.0
4098,24.0
4099,25.0
4100,20.0
4101,19.0
4102,44.0
4103,6.0
4104,21.0
4105,16.0
4106,21.0
4107,12.0
4108,18.0
4109,24.0
4110,25.0
4111,14.0
4112,10.0
4113,38.0
4114,16.0
4115,15.0
4116,19.0
4117,14.0
4118,21.0
4119,21.0
4120,15.0
4121,13.0
4122,21.0
4123,22.0
4124,18.0
4125,30.0
4126,18.0
4127,13.0
4128,18.0
4129,14.0
4130,47.0
4131,9.0
4132,12.0
4133,14.0
4134,13.0
4135,10.0
4136,30.0
4137,9.0
4138,31.0
4139,20.0
4140,21.0
4141,41.0
4142,13.0
4143,31.0
4144,13.0
4145,14.0
4146,12.0
4147,34.0
4148,13.0
4149,14.0
4150,19.0
4151,13.0
4152,20.0
4153,19.0
4154,18.0
4155,27.0
4156,20.0
4157,19.0
4158,10.0
4159,37.0
4160,19.0
4161,36.0
4162,8.0
4163,9.0
4164,30.0
4165,17.0
4166,24.0
4167,33.0
4168,11.0
4169,21.0
4170,24.0
4171,18.0
4172,10.0
4173,17.0
4174,31.0
4175,32.0
4176,19.0
4177,9.0
4178,34.0
4179,21.0
4180,19.0
4181,9.0
4182,12.0
4183,20.0
4184,19.0
4185,12.0
4186,7.0
4187,30.0
4188,12.0
4189,13.0
4190,16.0
4191,12.0
4192,25.0
4193,19.0
4194,10.0
4195,15.0
4196,19.0
4197,22.0
4198,38.0
4199,30.0
4200,31.0
4201,15.0
4202,27.0
4203,16.0
4204,47.0
4205,23.0
4206,33.0
4207,12.0
4208,21.0
4209,38.0
4210,11.0
4211,31.0
4212,24.0
4213,20.0
4214,25.0
4215,9.0
4216,17.0
4217,13.0
4218,15.0
4219,18.0
4220,20.0
4221,11.0
4222,18.0
4223,14.0
4224,25.0
4225,35.0
4226,11.0
4227,28.0
4228,18.0
4229,15.0
4230,16.0
4231,15.0
4232,21.0
4233,32.0
4234,22.0
4235,34.0
4236,28.0
4237,16.0
4238,15.0
4239,17.0
4240,13.0
4241,24.0
4242,24.0
4243,8.0
4244,21.0
4245,17.0
4246,23.0
4247,18.0
4248,24.0
4249,21.0
4250,14.0
4251,18.0
4252,15.0
4253,17.0
4254,15.0
4255,19.0
4256,8.0
4257,17.0
4258,27.0
4259,12.0
4260,25.0
4261,32.0
4262,8.0
4263,11.0
4264,34.0
4265,7.0
4266,19.0
4267,18.0
4268,13.0
4269,12.0
4270,7.0
4271,6.0
4272,11.0
4273,10.0
4274,26.0
4275,13.0
4276,6.0
4277,19.0
4278,14.0
4279,24.0
4280,11.0
4281,10.0
4282,9.0
4283,10.0
4284,24.0
4285,12.0
4286,22.0
4287,15.0
4288,20.0
4289,19.0
4290,18.0
4291,4.0
4292,15.0
4293,18.0
4294,15.0
4295,16.0
4296,34.0
4297,17.0
4298,17.0
4299,22.0
4300,9.0
4301,17.0
4302,50.0
4303,21.0
4304,6.0
4305,11.0
4306,19.0
4307,32.0
4308,8.0
4309,16.0
4310,9.0
4311,21.0
4312,13.0
4313,21.0
4314,29.0
4315,9.0
4316,15.0
4317,12.0
4318,18.0
4319,15.0
4320,20.0
4321,16.0
4322,15.0
4323,10.0
4324,28.0
4325,24.0
4326,8.0
4327,18.0
4328,10.0
4329,17.0
4330,3.0
4331,18.0
4332,30.0
4333,33.0
4334,26.0
4335,19.0
4336,7.0
4337,18.0
4338,9.0
4339,29.0
4340,18.0
4341,8.0
4342,26.0
4343,16.0
4344,16.0
4345,14.0
4346,12.0
4347,12.0
4348,15.0
4349,28.0
4350,16.0
4351,11.0
4352,19.0
4353,16.0
4354,24.0
4355,27.0
4356,12.0
4357,17.0
4358,30.0
4359,10.0
4360,11.0
4361,15.0
4362,22.0
4363,12.0
4364,22.0
4365,12.0
4366,6.0
4367,19.0
4368,21.0
4369,20.0
4370,15.0
4371,20.0
4372,18.0
4373,16.0
4374,14.0
4375,26.0
4376,9.0
4377,14.0
4378,17.0
4379,25.0
4380,13.0
4381,14.0
4382,19.0
4383,13.0
4384,4.0
4385,15.0
4386,15.0
4387,30.0
4388,11.0
4389,16.0
4390,19.0
4391,17.0
4392,24.0
4393,12.0
4394,10.0
4395,20.0
4396,28.0
4397,10.0
4398,20.0
4399,19.0
4400,11.0
4401,24.0
4402,20.0
4403,21.0
4404,45.0
4405,13.0
4406,25.0
4407,25.0
4408,7.0
4409,10.0
4410,37.0
4411,24.0
4412,23.0
4413,14.0
4414,17.0
4415,8.0
4416,6.0
4417,28.0
4418,29.0
4419,13.0
4420,29.0
4421,14.0
4422,16.0
4423,28.0
4424,15.0
4425,23.0
4426,14.0
4427,10.0
4428,33.0
4429,41.0
4430,17.0
4431,17.0
4432,17.0
4433,27.0
4434,18.0
4435,31.0
4436,15.0
4437,45.0
4438,13.0
4439,14.0
4440,35.0
4441,23.0
4442,23.0
4443,21.0
4444,10.0
4445,9.0
4446,21.0
4447,29.0
4448,14.0
4449,38.0
4450,13.0
4451,15.0
4452,12.0
4453,25.0
4454,18.0
4455,11.0
4456,42.0
4457,14.0
4458,14.0
4459,22.0
4460,10.0
4461,12.0
4462,30.0
4463,16.0
4464,19.0
4465,11.0
4466,42.0
4467,38.0
4468,14.0
4469,19.0
4470,29.0
4471,16.0
4472,20.0
4473,27.0
4474,26.0
4475,14.0
4476,26.0
4477,27.0
4478,24.0
4479,22.0
4480,8.0
4481,13.0
4482,10.0
4483,11.0
4484,20.0
4485,22.0
4486,29.0
4487,20.0
4488,27.0
4489,27.0
4490,16.0
4491,18.0
4492,17.0
4493,16.0
4494,24.0
4495,36.0
4496,16.0
4497,19.0
4498,22.0
4499,22.0
4500,17.0
4501,20.0
4502,13.0
4503,30.0
4504,15.0
4505,31.0
4506,29.0
4507,19.0
4508,18.0
4509,25.0
4510,28.0
4511,12.0
4512,11.0
4513,21.0
4514,24.0
4515,26.0
4516,19.0
4517,25.0
4518,16.0
4519,24.0
4520,28.0
4521,24.0
4522,18.0
4523,16.0
4524,26.0
4525,27.0
4526,21.0
4527,19.0
4528,22.0
4529,17.0
4530,19.0
4531,19.0
4532,20.0
4533,19.0
4534,37.0
4535,13.0
4536,14.0
4537,10.0
4538,21.0
4539,37.0
4540,10.0
4541,15.0
4542,13.0
4543,16.0
4544,41.0
4545,15.0
4546,7.0
4547,12.0
4548,49.0
4549,4.0
4550,43.0
4551,37.0
4552,37.0
4553,20.0
4554,14.0
4555,13.0
4556,17.0
4557,30.0
4558,13.0
4559,25.0
4560,20.0
4561,14.0
4562,17.0
4563,15.0
4564,14.0
4565,21.0
4566,22.0
4567,23.0
4568,13.0
4569,31.0
4570,19.0
4571,32.0
4572,30.0
4573,13.0
4574,20.0
4575,11.0
4576,23.0
4577,14.0
4578,18.0
4579,38.0
4580,22.0
4581,25.0
4582,24.0
4583,21.0
4584,11.0
4585,28.0
4586,12.0
4587,17.0
4588,33.0
4589,15.0
4590,27.0
4591,13.0
4592,17.0
4593,30.0
4594,30.0
4595,35.0
4596,25.0
4597,25.0
4598,37.0
4599,32.0
4600,23.0
4601,27.0
4602,14.0
4603,45.0
4604,26.0
4605,47.0
4606,32.0
4607,22.0
4608,20.0
4609,21.0
4610,29.0
4611,26.0
4612,31.0
4613,30.0
4614,26.0
4615,18.0
4616,19.0
4617,15.0
4618,20.0
4619,36.0
4620,23.0
4621,14.0
4622,16.0
4623,40.0
4624,35.0
4625,10.0
4626,18.0
4627,42.0
4628,26.0
4629,8.0
4630,16.0
4631,21.0
4632,10.0
4633,30.0
4634,37.0
4635,31.0
4636,23.0
4637,35.0
4638,32.0
4639,14.0
4640,13.0
4641,16.0
4642,30.0
4643,33.0
4644,34.0
4645,16.0
4646,17.0
4647,14.0
4648,18.0
4649,33.0
4650,33.0
4651,28.0
4652,39.0
4653,23.0
4654,15.0
4655,28.0
4656,26.0
4657,17.0
4658,33.0
4659,34.0
4660,15.0
4661,26.0
4662,20.0
4663,36.0
4664,31.0
4665,15.0
4666,21.0
4667,30.0
4668,12.0
4669,19.0
4670,20.0
4671,17.0
4672,21.0
4673,18.0
4674,28.0
4675,18.0
4676,10.0
4677,15.0
4678,10.0
4679,26.0
4680,34.0
4681,18.0
4682,22.0
4683,11.0
4684,22.0
4685,14.0
4686,12.0
4687,25.0
4688,13.0
4689,14.0
4690,24.0
4691,18.0
4692,16.0
4693,37.0
4694,17.0
4695,29.0
4696,13.0
4697,16.0
4698,41.0
4699,23.0
4700,27.0
4701,25.0
4702,32.0
4703,19.0
4704,17.0
4705,20.0
4706,28.0
4707,17.0
4708,18.0
4709,34.0
4710,21.0
4711,26.0
4712,19.0
4713,12.0
4714,32.0
4715,23.0
4716,20.0
4717,12.0
4718,17.0
4719,15.0
4720,33.0
4721,22.0
4722,16.0
4723,10.0
4724,37.0
4725,20.0
4726,32.0
4727,13.0
4728,17.0
4729,22.0
4730,19.0
4731,13.0
4732,24.0
4733,6.0
4734,27.0
4735,16.0
4736,21.0
4737,24.0
4738,14.0
4739,27.0
4740,42.0
4741,29.0
4742,22.0
4743,30.0
4744,16.0
4745,20.0
4746,12.0
4747,29.0
4748,18.0
4749,48.0
4750,36.0
4751,29.0
4752,15.0
4753,7.0
4754,29.0
4755,21.0
4756,23.0
4757,18.0
4758,27.0
4759,45.0
4760,20.0
4761,26.0
4762,13.0
4763,40.0
4764,21.0
4765,21.0
4766,25.0
4767,24.0
4768,31.0
4769,23.0
4770,28.0
4771,11.0
4772,36.0
4773,30.0
4774,7.0
4775,18.0
4776,11.0
4777,9.0
4778,22.0
4779,8.0
4780,29.0
4781,12.0
4782,28.0
4783,8.0
4784,15.0
4785,21.0
4786,12.0
4787,27.0
4788,14.0
4789,33.0
4790,35.0
4791,40.0
4792,26.0
4793,31.0
4794,8.0
4795,22.0
4796,16.0
4797,13.0
4798,11.0
4799,18.0
4800,39.0
4801,17.0
4802,21.0
4803,15.0
4804,33.0
4805,12.0
4806,15.0
4807,15.0
4808,15.0
4809,18.0
4810,7.0
4811,22.0
4812,13.0
4813,12.0
4814,30.0
4815,19.0
4816,15.0
4817,14.0
4818,24.0
4819,27.0
4820,19.0
4821,20.0
4822,12.0
4823,18.0
4824,23.0
4825,15.0
4826,18.0
4827,18.0
4828,38.0
4829,37.0
4830,8.0
4831,5.0
4832,11.0
4833,27.0
4834,18.0
4835,16.0
4836,33.0
4837,28.0
4838,22.0
4839,8.0
4840,19.0
4841,34.0
4842,22.0
4843,32.0
4844,16.0
4845,15.0
4846,24.0
4847,22.0
4848,11.0
4849,9.0
4850,14.0
4851,21.0
4852,31.0
4853,18.0
4854,23.0
4855,13.0
4856,21.0
4857,20.0
4858,18.0
4859,12.0
4860,10.0
4861,23.0
4862,42.0
4863,28.0
4864,8.0
4865,32.0
4866,13.0
4867,18.0
4868,10.0
4869,26.0
4870,22.0
4871,27.0
4872,7.0
4873,28.0
4874,16.0
4875,18.0
4876,29.0
4877,7.0
4878,21.0
4879,14.0
4880,19.0
4881,14.0
4882,16.0
4883,14.0
4884,35.0
4885,11.0
4886,24.0
4887,15.0
4888,29.0
4889,14.0
4890,20.0
4891,19.0
4892,13.0
4893,16.0
4894,29.0
4895,22.0
4896,9.0
4897,28.0
4898,23.0
4899,11.0
4900,16.0
4901,18.0
4902,12.0
4903,14.0
4904,14.0
4905,18.0
4906,21.0
4907,20.0
4908,23.0
4909,22.0
4910,28.0
4911,28.0
4912,17.0
4913,13.0
4914,27.0
4915,24.0
4916,9.0
4917,17.0
4918,22.0
4919,23.0
4920,24.0
4921,24.0
4922,41.0
4923,13.0
4924,20.0
4925,25.0
4926,16.0
4927,23.0
4928,13.0
4929,10.0
4930,8.0
4931,16.0
4932,23.0
4933,12.0
4934,19.0
4935,11.0
4936,14.0
4937,21.0
4938,10.0
4939,34.0
4940,18.0
4941,22.0
4942,16.0
4943,26.0
4944,24.0
4945,30.0
4946,11.0
4947,19.0
4948,37.0
4949,26.0
4950,17.0
4951,38.0
4952,15.0
4953,20.0
4954,17.0
4955,7.0
4956,23.0
4957,16.0
4958,6.0
4959,14.0
4960,13.0
4961,42.0
4962,18.0
4963,33.0
4964,16.0
4965,11.0
4966,14.0
4967,21.0
4968,10.0
4969,20.0
4970,17.0
4971,13.0
4972,17.0
4973,12.0
4974,30.0
4975,16.0
4976,31.0
4977,9.0
4978,18.0
4979,14.0
4980,16.0
4981,17.0
4982,10.0
4983,16.0
4984,31.0
4985,15.0
4986,14.0
4987,28.0
4988,20.0
4989,21.0
4990,19.0
4991,16.0
4992,16.0
4993,23.0
4994,26.0
4995,21.0
4996,27.0
4997,18.0
4998,13.0
4999,6.0
5000,11.0
5001,7.0
5002,22.0
5003,9.0
5004,8.0
5005,11.0
5006,10.0
5007,38.0
5008,10.0
5009,11.0
5010,16.0
5011,17.0
5012,10.0
5013,8.0
5014,15.0
5015,17.0
5016,17.0
5017,15.0
5018,12.0
5019,22.0
5020,9.0
5021,28.0
5022,12.0
5023,7.0
5024,7.0
5025,19.0
5026,9.0
5027,36.0
5028,7.0
5029,8.0
5030,41.0
5031,14.0
5032,14.0
5033,11.0
5034,19.0
5035,7.0
5036,21.0
5037,30.0
5038,12.0
5039,34.0
5040,9.0
5041,20.0
5042,16.0
5043,8.0
5044,11.0
5045,29.0
5046,18.0
5047,20.0
5048,16.0
5049,16.0
5050,11.0
5051,30.0
5052,35.0
5053,14.0
5054,15.0
5055,23.0
5056,16.0
5057,8.0
5058,6.0
5059,24.0
5060,16.0
5061,23.0
5062,26.0
5063,18.0
5064,17.0
5065,19.0
5066,23.0
5067,19.0
5068,17.0
5069,9.0
5070,26.0
5071,16.0
5072,29.0
5073,38.0
5074,24.0
5075,22.0
5076,9.0
5077,13.0
5078,26.0
5079,17.0
5080,23.0
5081,23.0
5082,28.0
5083,14.0
5084,19.0
5085,15.0
5086,9.0
5087,12.0
5088,13.0
5089,15.0
5090,11.0
5091,20.0
5092,22.0
5093,14.0
5094,10.0
5095,12.0
5096,6.0
5097,16.0
5098,25.0
5099,15.0
5100,7.0
5101,19.0
5102,24.0
5103,19.0
5104,5.0
5105,22.0
5106,26.0
5107,30.0
5108,15.0
5109,17.0
5110,7.0
5111,22.0
5112,14.0
5113,12.0
5114,15.0
5115,26.0
5116,17.0
5117,27.0
5118,16.0
5119,10.0
5120,15.0
5121,14.0
5122,21.0
5123,7.0
5124,16.0
5125,14.0
5126,10.0
5127,21.0
5128,13.0
5129,18.0
5130,8.0
5131,10.0
5132,17.0
5133,29.0
5134,9.0
5135,17.0
5136,8.0
5137,11.0
5138,18.0
5139,10.0
5140,20.0
5141,13.0
5142,17.0
5143,26.0
5144,14.0
5145,29.0
5146,20.0
5147,15.0
5148,19.0
5149,32.0
5150,22.0
5151,9.0
5152,16.0
5153,7.0
5154,10.0
5155,22.0
5156,23.0
5157,17.0
5158,36.0
5159,36.0
5160,15.0
5161,13.0
5162,21.0
5163,26.0
5164,11.0
5165,12.0
5166,34.0
5167,20.0
5168,13.0
5169,18.0
5170,16.0
5171,20.0
5172,16.0
5173,17.0
5174,14.0
5175,18.0
5176,35.0
5177,17.0
5178,14.0
5179,18.0
5180,13.0
5181,11.0
5182,26.0
5183,21.0
5184,32.0
5185,15.0
5186,15.0
5187,15.0
5188,8.0
5189,20.0
5190,32.0
5191,16.0
5192,16.0
5193,22.0
5194,15.0
5195,28.0
5196,32.0
5197,24.0
5198,27.0
5199,28.0
5200,31.0
5201,25.0
5202,17.0
5203,9.0
5204,18.0
5205,24.0
5206,19.0
5207,14.0
5208,19.0
5209,13.0
5210,32.0
5211,25.0
5212,17.0
5213,19.0
5214,24.0
5215,12.0
5216,16.0
5217,12.0
5218,14.0
5219,16.0
5220,13.0
5221,11.0
5222,15.0
5223,14.0
5224,11.0
5225,13.0
5226,15.0
5227,15.0
5228,20.0
5229,15.0
5230,16.0
5231,10.0
5232,39.0
5233,11.0
5234,19.0
5235,20.0
5236,14.0
5237,10.0
5238,29.0
5239,19.0
5240,18.0
5241,7.0
5242,18.0
5243,18.0
5244,26.0
5245,25.0
5246,15.0
5247,17.0
5248,11.0
5249,11.0
5250,30.0
5251,17.0
5252,14.0
5253,17.0
5254,14.0
5255,23.0
5256,19.0
5257,42.0
5258,26.0
5259,23.0
5260,10.0
5261,33.0
5262,16.0
5263,15.0
5264,14.0
5265,21.0
5266,19.0
5267,36.0
5268,14.0
5269,15.0
5270,45.0
5271,22.0
5272,12.0
5273,27.0
5274,30.0
5275,14.0
5276,26.0
5277,13.0
5278,17.0
5279,26.0
5280,23.0
5281,14.0
5282,36.0
5283,11.0
5284,32.0
5285,27.0
5286,12.0
5287,17.0
5288,12.0
5289,9.0
5290,18.0
5291,18.0
5292,27.0
5293,30.0
5294,14.0
5295,17.0
5296,44.0
5297,21.0
5298,9.0
5299,17.0
5300,23.0
5301,20.0
5302,10.0
5303,20.0
5304,20.0
5305,10.0
5306,20.0
5307,35.0
5308,24.0
5309,34.0
5310,33.0
5311,10.0
5312,7.0
5313,12.0
5314,18.0
5315,21.0
5316,26.0
5317,21.0
5318,22.0
5319,17.0
5320,14.0
5321,19.0
5322,8.0
5323,28.0
5324,28.0
5325,26.0
5326,29.0
5327,23.0
5328,15.0
5329,14.0
5330,18.0
5331,10.0
5332,19.0
5333,9.0
5334,16.0
5335,15.0
5336,12.0
5337,13.0
5338,15.0
5339,15.0
5340,15.0
5341,19.0
5342,12.0
5343,34.0
5344,20.0
5345,21.0
5346,16.0
5347,24.0
5348,41.0
5349,16.0
5350,18.0
5351,13.0
5352,17.0
5353,9.0
5354,27.0
5355,9.0
5356,28.0
5357,13.0
5358,12.0
5359,20.0
5360,12.0
5361,16.0
5362,17.0
5363,46.0
5364,18.0
5365,27.0
5366,11.0
5367,34.0
5368,36.0
5369,32.0
5370,15.0
5371,25.0
5372,35.0
5373,21.0
5374,13.0
5375,29.0
5376,10.0
5377,12.0
5378,15.0
5379,5.0
5380,24.0
5381,8.0
5382,14.0
5383,13.0
5384,9.0
5385,12.0
5386,13.0
5387,14.0
5388,11.0
5389,29.0
5390,16.0
5391,10.0
5392,20.0
5393,10.0
5394,22.0
5395,27.0
5396,10.0
5397,15.0
5398,15.0
5399,16.0
5400,29.0
5401,5.0
5402,21.0
5403,14.0
5404,16.0
5405,34.0
5406,9.0
5407,29.0
5408,28.0
5409,11.0
5410,19.0
5411,20.0
5412,28.0
5413,13.0
5414,21.0
5415,7.0
5416,16.0
5417,20.0
5418,18.0
5419,36.0
5420,9.0
5421,12.0
5422,14.0
5423,19.0
5424,20.0
5425,13.0
5426,25.0
5427,26.0
5428,17.0
5429,10.0
5430,16.0
5431,15.0
5432,15.0
5433,30.0
5434,14.0
5435,13.0
5436,11.0
5437,5.0
5438,11.0
5439,13.0
5440,36.0
5441,26.0
5442,16.0
5443,19.0
5444,16.0
5445,18.0
5446,22.0
5447,9.0
5448,13.0
5449,24.0
5450,11.0
5451,16.0
5452,23.0
5453,23.0
5454,21.0
5455,35.0
5456,30.0
5457,13.0
5458,14.0
5459,8.0
5460,16.0
5461,5.0
5462,13.0
5463,12.0
5464,8.0
5465,21.0
5466,21.0
5467,17.0
5468,10.0
5469,26.0
5470,10.0
5471,30.0
5472,16.0
5473,24.0
5474,11.0
5475,26.0
5476,23.0
5477,7.0
5478,9.0
5479,16.0
5480,16.0
5481,6.0
5482,16.0
5483,15.0
5484,15.0
5485,12.0
5486,18.0
5487,16.0
5488,15.0
5489,25.0
5490,21.0
5491,23.0
5492,20.0
5493,17.0
5494,18.0
5495,19.0
5496,50.0
5497,24.0
5498,17.0
5499,15.0
5500,8.0
5501,5.0
5502,16.0
5503,18.0
5504,18.0
5505,13.0
5506,13.0
5507,19.0
5508,18.0
5509,20.0
5510,13.0
5511,19.0
5512,38.0
5513,11.0
5514,11.0
5515,10.0
5516,10.0
5517,29.0
5518,19.0
5519,26.0
5520,14.0
5521,28.0
5522,23.0
5523,31.0
5524,12.0
5525,16.0
5526,16.0
5527,20.0
5528,15.0
5529,20.0
5530,14.0
5531,23.0
5532,13.0
5533,29.0
5534,24.0
5535,14.0
